{"age": 0.0686934859890723, "gender": 0.03165341832488273, "ethnicity": -0.3548879612444601, "bias": -2.076596213489658}